{"application.css":"application-37a0b781.css","bootstrap/bootstrap.min.css:Zone.Identifier":"bootstrap/bootstrap.min.css:Zone-da01c573.Identifier","bootstrap/bootstrap.min.css":"bootstrap/bootstrap.min-474821e1.css","application.css:Zone.Identifier":"application.css:Zone-e8dc057d.Identifier","style1.css:Zone.Identifier":"style1.css:Zone-e8dc057d.Identifier","style1.css":"style1-e8dc057d.css","controllers/index.js":"controllers/index-ee64e1f1.js","controllers/hello_controller.js":"controllers/hello_controller-708796bd.js","controllers/application.js":"controllers/application-3affb389.js","application.js":"application-0481d08b.js","@popperjs--core.js":"@popperjs--core-7f8b886d.js","bootstrap.js":"bootstrap-d29f9298.js","stimulus-loading.js":"stimulus-loading-1fc53fe7.js","stimulus.min.js":"stimulus.min-4b1e420e.js","stimulus.js":"stimulus-d59b3b7f.js","stimulus-importmap-autoloader.js":"stimulus-importmap-autoloader-64cc03e1.js","stimulus.min.js.map":"stimulus.min-2395e199.js.map","stimulus-autoloader.js":"stimulus-autoloader-9d447422.js","turbo.js":"turbo-765c2e69.js","turbo.min.js.map":"turbo.min-02fd5b81.js.map","turbo.min.js":"turbo.min-1262d735.js","trix.js":"trix-0d050b00.js","actiontext.esm.js":"actiontext.esm-f1c04d34.js","actiontext.js":"actiontext-a4ee937e.js","trix.css":"trix-c4e7be2d.css","actioncable.esm.js":"actioncable.esm-e0ec9819.js","actioncable.js":"actioncable-ac25813f.js","action_cable.js":"action_cable-5212cfee.js","activestorage.js":"activestorage-32201f68.js","activestorage.esm.js":"activestorage.esm-f2909226.js","rails-ujs.js":"rails-ujs-20eaf715.js","rails-ujs.esm.js":"rails-ujs.esm-e925103b.js"}